mode,mean,std,min,max,range,abs_max,skewness,kurtosis,pod_energy_ratio,monotonicity_V,monotonicity_H,roughness_V,roughness_H,additive_R2,ridge_alpha,ridge_train_R2,ridge_LOO_R2,ridge_LOO_RMSE,ridge_LOO_NRMSE_std,residual_std_ratio,maxV_holdout_R2,maxV_holdout_NRMSE_std,maxV_holdout_relative_L2,maxH_holdout_R2,maxH_holdout_NRMSE_std,maxH_holdout_relative_L2
1,1.0670928403570072,1.4907121380215498,-1.5719353588084444,5.002763096199728,6.574698455008172,5.002763096199728,0.6408047014687446,-0.10630893009151388,0.31789914515067585,0.5454545454545453,0.9666666666666667,17.68505633998695,2.5150564043101866,0.8750855269533219,0.0008376776400682924,0.7140019011623977,0.6785970460731772,0.8419133612696161,0.5647725941153137,0.5347879007958223,-233.74677060530743,1.9603728562178786,5.558209950855336,-0.2252625404509987,0.47677871395387206,0.8562066981648886
2,0.5171720272161305,1.5103885787821036,-1.1131936061874266,6.021065728316071,7.134259334503497,6.021065728316071,1.584943299818194,1.9586655924533591,0.2406490419881673,0.5454545454545453,0.9416666666666668,18.885523836478814,1.6886682485269544,0.8432457602147065,1.4251026703029992e-06,0.6373156863378918,0.5928004497719486,0.9601542751247631,0.6357001692233266,0.6022327736532679,-1927.922852197381,2.4912431128828327,9.004006754813636,-0.5742652061952813,0.5061828302823868,1.2078395822371466
3,-0.3073092699093324,1.3292923164009118,-3.6083450982512226,2.939978971723705,6.548324069974928,3.6083450982512226,-0.1306072278824955,-0.38060664910829134,0.17568388419583825,0.6033057851239668,0.9416666666666668,25.121135015785924,2.857138835496914,0.8745031484774003,17.012542798525928,0.2761495397904272,0.23274276992297271,1.1599510743183667,0.8726079734357901,0.8507940174975215,-10.22296593500234,1.3096604798118807,1.1175726866524192,0.08164902652337624,0.4341609041675175,0.9322649985351514
4,-0.4486157856882773,0.9290225517972271,-5.8889174379695906,0.4690890488716589,6.35800648684125,5.8889174379695906,-3.234086812052273,13.328209189707014,0.10055812197633103,0.5537190082644627,0.9083333333333333,14.075398458458807,3.0696977671694374,0.8035806687237316,1.4251026703029992e-06,0.6720652315564541,0.6151129019639461,0.5741714783045431,0.6180382566534988,0.5726558900801997,-9.031788743528361,0.9923767377951748,1.2118992783646882,-1.8165331005117222,0.5525835593081251,1.4812854715104429
5,0.13511283784377104,0.7911918234405929,-2.5431488183953657,2.492053976913764,5.03520279530913,2.5431488183953657,-0.28182916138852654,1.1861951649797273,0.060792828105119226,0.5454545454545453,0.9166666666666666,26.33802343641265,3.106840533386545,0.7670867766550167,0.0001,0.3412207612612421,0.2551156335769026,0.6802599492525317,0.8597914299649098,0.8116521661024246,-25.12423607282144,2.8026205272385085,2.230650528870355,-1.5194539020133018,0.5537493090375437,1.5444844096569301
6,0.20588056527430382,0.6842322991095271,-0.9958012640911135,4.342541153660065,5.3383424177511785,4.342541153660065,3.1318137162431143,14.126728199406678,0.04819846671798955,0.6363636363636365,0.9166666666666666,14.902521985540393,3.991824142057189,0.6998749753832179,0.05878016072274924,0.566010569252235,0.48013631560729353,0.49146997797408704,0.7182794185742114,0.65877874187603,-1.7151502139558739,0.6551142011735058,0.9173944211439052,-7.861009366479198,0.6694473093865887,2.523919439734455
7,0.11400721277392792,0.40767650436378183,-1.5193009731998242,0.7120848325002718,2.231385805700096,1.5193009731998242,-1.4561831907526686,3.8365335498766484,0.016915457754983924,0.5537190082644627,0.725,15.555556091858485,4.840505875595084,0.5907143656325453,0.49238826317067413,0.5704424506187584,0.5098719452269694,0.28432768284899285,0.6974345585422279,0.6554064001680496,0.596958212552839,0.29512238387940687,0.6308693761393079,0.3893807907468412,0.49935906529260227,0.5217816925463235
8,-0.024152961723158853,0.34779186506878346,-0.8878263896278012,1.303747776724047,2.1915741663518484,1.303747776724047,0.30927213504868567,2.537966282318486,0.011467136641764089,0.6528925619834711,0.8166666666666668,21.096380679867273,4.791257002678585,0.39451850883672657,8.376776400682925,0.16411429673019062,0.09456218023003504,0.32968365567198754,0.9479337752962835,0.9142678509440268,-9.075587162623673,0.5913399777083094,0.6548284852914157,0.3609043755226242,0.5982692268067524,0.778240680197994
9,0.014752081714345024,0.2927522594808156,-1.287785543001282,0.4865725584926299,1.7743581014939118,1.287785543001282,-1.0173226821427732,2.9656784263925413,0.008106269482553354,0.5537190082644627,0.7833333333333333,27.244540796954485,3.9397718058177236,0.32855901587001257,0.00041246263829013564,0.1451150790933159,-0.14041367950101757,0.31144412792979287,1.063848758954505,0.9245998707044492,0.024273597871028674,1.7700633850301732,0.987078132237015,0.04579435730579806,0.8580330164068877,0.9392601232120549
10,0.046572308048337716,0.26987654874436007,-1.2186701140813492,0.569257967916174,1.7879280819975232,1.2186701140813492,-0.9139474083633142,3.559833411563723,0.007077524287553457,0.5537190082644627,0.8166666666666665,20.02239096823218,3.7655770134795428,0.3152083625861377,0.00041246263829013564,0.2014591982855578,0.0837342712212149,0.25735022442093675,0.9535849840169371,0.8936111020541555,-8.495495661468109,0.9705631566053622,0.9083859165759861,0.21738741337381096,0.6122917515792551,0.8402933909168162
11,0.032812004099865816,0.1827574084609344,-0.8426677462038538,0.5733835860190493,1.416051332222903,0.8426677462038538,-0.6199258669234246,4.255537542320612,0.0032534372914379984,0.56198347107438,0.7583333333333333,20.38772867237248,4.472586712262802,0.3234969280862202,0.11937766417144383,0.19165230684090906,0.0750737527808808,0.1750964032912775,0.9580810144213963,0.8990815831497666,-13.072837093103118,1.5303823664069316,1.2805248483296903,0.16599032843106776,0.6054533615871367,0.8653778279595786
