mode,V,V2,V4,inv_V2,H,exp_neg_H
1,0.4497100990280391,0.3906831648087914,0.25746767968769857,-0.5020139941086157,-0.2950500119966442,0.30273300319107166
2,-0.3423535618134043,-0.3985053946839306,-0.4460496144659544,0.08207690403029473,-0.1947652906233618,0.20140224443351923
3,-0.47840932821450555,-0.5000908884119973,-0.5186029271550083,0.3691492823789034,0.10862746976847402,-0.11524272589596718
4,0.15626200791209713,0.1187606387778533,0.039020061331916225,-0.17938536498274302,0.256706787927899,-0.26756152722957244
5,0.10472782700647452,0.1640918703430125,0.2513838541633038,0.1032678510327779,-0.05064791232086423,0.04666779401726471
6,-0.5415910648744923,-0.5008490934188644,-0.4407085792585255,0.659827957631344,-0.12684122067191153,0.12742808963226127
7,0.13934939063298996,0.1166225559220936,0.0697924581317099,-0.17384811111665785,0.5808379954238131,-0.6846127107002532
8,0.1967723063148737,0.2301374023790463,0.2769404524444322,-0.07577670699281946,-0.18561414752287847,0.2297817813019703
9,0.08507915665456312,0.09479119393410056,0.10227330065881464,-0.045919024396566456,0.2400967044040841,-0.27730187507293225
10,0.075084392897337,0.08397238291633533,0.11422972320010605,-0.0798717501550938,0.15152651836040468,-0.19976678033763323
11,-0.04215150844003883,-0.010581285890732742,0.05314070095773096,0.10002416519402228,0.1884441578794772,-0.24558876866419166
