mode,mean,std,min,max,range,abs_max,skewness,kurtosis,pod_energy_ratio
1,1.0670928403570072,1.4907121380215498,-1.5719353588084444,5.002763096199728,6.574698455008172,5.002763096199728,0.6408047014687446,-0.10630893009151388,0.31789914515067585
2,0.5171720272161305,1.5103885787821036,-1.1131936061874266,6.021065728316071,7.134259334503497,6.021065728316071,1.584943299818194,1.9586655924533591,0.2406490419881673
3,-0.3073092699093324,1.3292923164009118,-3.6083450982512226,2.939978971723705,6.548324069974928,3.6083450982512226,-0.1306072278824955,-0.38060664910829134,0.17568388419583825
4,-0.4486157856882773,0.9290225517972271,-5.8889174379695906,0.4690890488716589,6.35800648684125,5.8889174379695906,-3.234086812052273,13.328209189707014,0.10055812197633103
5,0.13511283784377104,0.7911918234405929,-2.5431488183953657,2.492053976913764,5.03520279530913,2.5431488183953657,-0.28182916138852654,1.1861951649797273,0.060792828105119226
6,0.20588056527430382,0.6842322991095271,-0.9958012640911135,4.342541153660065,5.3383424177511785,4.342541153660065,3.1318137162431143,14.126728199406678,0.04819846671798955
7,0.11400721277392792,0.40767650436378183,-1.5193009731998242,0.7120848325002718,2.231385805700096,1.5193009731998242,-1.4561831907526686,3.8365335498766484,0.016915457754983924
8,-0.024152961723158853,0.34779186506878346,-0.8878263896278012,1.303747776724047,2.1915741663518484,1.303747776724047,0.30927213504868567,2.537966282318486,0.011467136641764089
9,0.014752081714345024,0.2927522594808156,-1.287785543001282,0.4865725584926299,1.7743581014939118,1.287785543001282,-1.0173226821427732,2.9656784263925413,0.008106269482553354
10,0.046572308048337716,0.26987654874436007,-1.2186701140813492,0.569257967916174,1.7879280819975232,1.2186701140813492,-0.9139474083633142,3.559833411563723,0.007077524287553457
11,0.032812004099865816,0.1827574084609344,-0.8426677462038538,0.5733835860190493,1.416051332222903,0.8426677462038538,-0.6199258669234246,4.255537542320612,0.0032534372914379984
