mode,ridge_alpha,ridge_train_R2,ridge_LOO_R2,ridge_LOO_RMSE,ridge_LOO_NRMSE_std,residual_std_ratio,maxV_holdout_R2,maxV_holdout_NRMSE_std,maxV_holdout_relative_L2,maxH_holdout_R2,maxH_holdout_NRMSE_std,maxH_holdout_relative_L2
1,0.0008376776400682924,0.7140019011623977,0.6785970460731772,0.8419133612696161,0.5647725941153137,0.5347879007958223,-233.74677060530743,1.9603728562178786,5.558209950855336,-0.2252625404509987,0.47677871395387206,0.8562066981648886
2,1.4251026703029992e-06,0.6373156863378918,0.5928004497719486,0.9601542751247631,0.6357001692233266,0.6022327736532679,-1927.922852197381,2.4912431128828327,9.004006754813636,-0.5742652061952813,0.5061828302823868,1.2078395822371466
3,17.012542798525928,0.2761495397904272,0.23274276992297271,1.1599510743183667,0.8726079734357901,0.8507940174975215,-10.22296593500234,1.3096604798118807,1.1175726866524192,0.08164902652337624,0.4341609041675175,0.9322649985351514
4,1.4251026703029992e-06,0.6720652315564541,0.6151129019639461,0.5741714783045431,0.6180382566534988,0.5726558900801997,-9.031788743528361,0.9923767377951748,1.2118992783646882,-1.8165331005117222,0.5525835593081251,1.4812854715104429
5,0.0001,0.3412207612612421,0.2551156335769026,0.6802599492525317,0.8597914299649098,0.8116521661024246,-25.12423607282144,2.8026205272385085,2.230650528870355,-1.5194539020133018,0.5537493090375437,1.5444844096569301
6,0.05878016072274924,0.566010569252235,0.48013631560729353,0.49146997797408704,0.7182794185742114,0.65877874187603,-1.7151502139558739,0.6551142011735058,0.9173944211439052,-7.861009366479198,0.6694473093865887,2.523919439734455
7,0.49238826317067413,0.5704424506187584,0.5098719452269694,0.28432768284899285,0.6974345585422279,0.6554064001680496,0.596958212552839,0.29512238387940687,0.6308693761393079,0.3893807907468412,0.49935906529260227,0.5217816925463235
8,8.376776400682925,0.16411429673019062,0.09456218023003504,0.32968365567198754,0.9479337752962835,0.9142678509440268,-9.075587162623673,0.5913399777083094,0.6548284852914157,0.3609043755226242,0.5982692268067524,0.778240680197994
9,0.00041246263829013564,0.1451150790933159,-0.14041367950101757,0.31144412792979287,1.063848758954505,0.9245998707044492,0.024273597871028674,1.7700633850301732,0.987078132237015,0.04579435730579806,0.8580330164068877,0.9392601232120549
10,0.00041246263829013564,0.2014591982855578,0.0837342712212149,0.25735022442093675,0.9535849840169371,0.8936111020541555,-8.495495661468109,0.9705631566053622,0.9083859165759861,0.21738741337381096,0.6122917515792551,0.8402933909168162
11,0.11937766417144383,0.19165230684090906,0.0750737527808808,0.1750964032912775,0.9580810144213963,0.8990815831497666,-13.072837093103118,1.5303823664069316,1.2805248483296903,0.16599032843106776,0.6054533615871367,0.8653778279595786
