mode,monotonicity_V,monotonicity_H,roughness_V,roughness_H,additive_R2
1,0.5454545454545453,0.9666666666666667,17.68505633998695,2.5150564043101866,0.8750855269533219
2,0.5454545454545453,0.9416666666666668,18.885523836478814,1.6886682485269544,0.8432457602147065
3,0.6033057851239668,0.9416666666666668,25.121135015785924,2.857138835496914,0.8745031484774003
4,0.5537190082644627,0.9083333333333333,14.075398458458807,3.0696977671694374,0.8035806687237316
5,0.5454545454545453,0.9166666666666666,26.33802343641265,3.106840533386545,0.7670867766550167
6,0.6363636363636365,0.9166666666666666,14.902521985540393,3.991824142057189,0.6998749753832179
7,0.5537190082644627,0.725,15.555556091858485,4.840505875595084,0.5907143656325453
8,0.6528925619834711,0.8166666666666668,21.096380679867273,4.791257002678585,0.39451850883672657
9,0.5537190082644627,0.7833333333333333,27.244540796954485,3.9397718058177236,0.32855901587001257
10,0.5537190082644627,0.8166666666666665,20.02239096823218,3.7655770134795428,0.3152083625861377
11,0.56198347107438,0.7583333333333333,20.38772867237248,4.472586712262802,0.3234969280862202
